Date,SPX_Open,SPX_High,SPX_Low,SPX_Close,SPX_Volume,NDX_Open,NDX_High,NDX_Low,NDX_Close,NDX_Volume,10Y_Yield,3M_Yield,RSI,VIX,CNN,Put_Call,DXY,BTC_Chg,HYG_Price,Risk_Ratio,IWM_Price,SOXX_Price,NAAIM,SKEW,AAII_Diff,Above_200MA
2025-12-10,6833.49,6900.67,6824.69,6886.68,5526570000,25631.59,25835.03,25504.30,25776.44,7987900000,4.16,3.59,60.8,15.77,36,0.91,98.69,-2.80,80.73,1.53,254.81,316.33,97.13,147.55,13.5,58.84
2025-12-11,6861.30,6903.46,6833.45,6901.00,3110588000,25598.39,25696.29,25372.18,25686.69,1141715000,4.14,3.57,61.9,14.85,46,0.91,98.32,0.26,80.72,1.53,257.80,314.52,97.13,148.32,14.0,61.82
2025-12-12,6886.85,6899.85,6801.79,6827.41,3163284000,25531.55,25605.88,25104.68,25196.73,1306730000,4.19,3.53,53.1,15.74,42,0.83,98.39,-2.33,80.57,1.52,253.85,299.48,97.13,153.59,14.0,62.22
2025-12-15,6860.19,6861.59,6801.49,6816.51,3281026000,25352.87,25377.62,25022.81,25067.27,1303994000,4.18,3.54,52.1,16.50,50,0.91,98.25,-2.37,80.61,1.53,251.93,298.01,97.13,161.86,14.0,61.82
2025-12-16,6800.12,6819.27,6759.74,6800.26,3218286000,24991.49,25188.76,24922.94,25132.94,1244940000,4.15,3.55,50.1,16.48,47,0.92,98.21,1.15,80.66,1.54,249.90,296.20,97.13,156.99,14.0,59.84
2025-12-17,6802.88,6812.26,6720.43,6721.43,3443631000,25167.86,25193.41,24647.61,24647.61,1447474000,4.15,3.54,42.0,17.62,39,0.94,98.39,-1.96,80.56,1.51,247.24,285.23,97.13,153.49,14.0,59.84
2025-12-18,6778.06,6816.13,6758.50,6774.76,3311865000,25031.49,25164.18,24921.45,25019.37,1330091000,4.12,3.52,47.9,16.87,44,0.99,98.42,-1.00,80.78,1.54,248.71,292.04,100.70,155.38,10.9,59.84
2025-12-19,6792.62,6840.02,6792.62,6834.50,6820161000,25147.29,25354.82,25134.26,25346.18,2864226000,4.15,3.52,53.6,14.91,45,0.79,98.72,3.00,80.36,1.55,250.79,299.81,100.70,155.87,10.9,59.24
2025-12-22,6865.21,6882.03,6855.74,6878.49,2609671000,25527.68,25554.03,25401.59,25461.70,983037483,4.17,3.53,57.3,14.08,56,0.85,98.20,0.11,80.43,1.57,253.58,303.84,100.70,159.93,10.9,60.03
2025-12-23,6872.41,6910.88,6868.81,6909.79,2232658000,25441.42,25590.03,25403.26,25587.83,877307656,4.17,3.55,59.6,14.00,59,0.89,97.89,-1.10,80.49,1.58,252.08,304.96,100.70,160.53,10.9,60.43
2025-12-24,6904.91,6937.32,6904.91,6932.05,1071393000,25582.34,25665.28,25556.85,25656.15,423236483,4.14,3.55,61.0,13.47,58,0.80,97.98,0.19,80.64,1.57,252.71,306.14,100.70,160.53,10.9,61.23
2025-12-26,6936.02,6945.77,6921.60,6929.94,1439287000,25692.68,25716.71,25620.32,25644.39,603655071,4.14,3.54,60.7,13.60,56,0.91,98.05,0.09,80.60,1.56,251.42,306.04,95.08,151.45,2.6,59.84
2025-12-29,6936.02,6920.21,6888.76,6905.74,1932051000,25462.25,25598.14,25440.97,25525.56,748989617,4.12,3.54,58.0,14.20,49,0.85,98.01,-0.82,80.63,1.54,249.88,305.32,95.08,150.47,2.6,61.43
2025-12-30,6900.44,6913.25,6893.47,6896.24,1709094000,25509.88,25577.58,25456.92,25462.56,692435097,4.13,3.54,56.7,14.33,49,0.93,98.22,1.22,80.71,1.54,248.03,304.92,95.08,148.33,2.6,61.23
2025-12-31,6898.82,6901.42,6844.55,6845.50,1711313000,25464.71,25483.77,25244.86,25249.85,680422648,4.16,3.55,50.4,14.95,46,0.83,98.28,-0.85,80.63,1.54,246.16,301.15,95.08,148.70,2.6,59.24
2026-01-02,6878.11,6894.87,6824.31,6858.47,2633650000,25524.27,25597.65,25086.36,25206.17,1137539000,4.19,3.53,51.9,14.51,45,1.13,98.43,1.52,80.67,1.52,248.78,313.69,92.93,141.86,-8.3,58.64
2026-01-05,6892.19,6920.38,6891.56,6902.05,3473387000,25471.79,25520.52,25354.66,25401.32,1267113000,4.16,3.52,57.4,14.90,47,0.83,98.36,2.55,80.88,1.56,252.73,318.06,92.93,142.45,-8.3,60.43
2026-01-06,6908.03,6948.69,6904.02,6944.82,3321270000,25471.79,25655.12,25428.08,25639.71,1246838000,4.18,3.52,61.3,14.75,52,0.89,98.60,-1.05,80.90,1.56,256.08,328.35,92.93,146.23,-8.3,62.82
2026-01-07,6945.07,6965.69,6919.19,6920.93,3236959000,25617.80,25813.17,25592.40,25653.90,1257947000,4.14,3.52,57.5,15.38,47,0.90,98.73,-2.68,80.88,1.58,255.48,324.89,92.93,143.57,-8.3,59.24
2026-01-08,6914.11,6931.28,6899.33,6921.46,3184872000,25615.35,25622.31,25400.16,25507.10,1144154000,4.18,3.51,57.6,15.45,46,0.96,98.85,-0.12,80.94,1.57,258.27,319.58,97.72,147.08,12.5,62.62
2026-01-09,6927.83,6978.36,6917.64,6966.28,2965821000,25518.82,25811.46,25455.97,25766.26,1168121000,4.17,3.51,62.0,14.49,51,0.83,99.14,-0.60,81.00,1.57,260.23,328.78,97.72,146.04,12.5,64.61
2026-01-12,6944.12,6986.33,6934.07,6977.27,3030692000,25616.81,25850.86,25602.56,25787.66,1103243000,4.19,3.53,64.0,15.12,56,0.75,98.90,0.44,81.04,1.55,261.50,330.35,97.72,149.75,12.5,63.81
2026-01-13,6977.41,6985.83,6938.77,6963.74,3224138000,25779.28,25873.18,25642.11,25741.95,1241065000,4.17,3.56,61.7,15.98,56,0.97,99.18,4.48,81.04,1.53,261.35,333.30,97.72,151.60,12.5,64.81
2026-01-14,nan,nan,nan,nan,nan,25779.28,25624.19,25266.20,25465.94,1255242000,4.14,3.56,56.4,16.75,56,0.88,99.06,1.30,81.04,,263.19,331.90,97.72,152.52,12.5,66.20
2026-01-15,6969.46,6979.34,6937.93,6944.47,3127477000,25767.30,25781.03,25520.20,25547.07,1213873000,4.16,3.57,58.5,15.84,62,0.93,99.36,-1.32,81.04,1.49,265.51,337.22,96.01,151.57,21.3,67.13
2026-01-16,6960.54,6967.30,6925.09,6940.01,3990934000,25710.60,25735.48,25444.28,25529.26,1497733000,4.23,3.56,57.7,15.86,62,0.83,99.38,-0.09,81.09,1.49,265.76,342.47,96.01,153.59,21.3,66.53
2026-01-20,6865.24,6871.17,6789.05,6796.86,3891978000,25155.03,25279.78,24954.18,24987.57,1604749000,4.30,3.57,40.4,20.09,48,,98.60,-4.06,80.88,1.45,262.58,337.35,96.01,154.96,21.3,62.94
2026-01-21,6810.71,6910.39,6804.96,6875.62,3815060000,25048.55,25498.81,24993.98,25326.58,1655580000,4.25,3.59,49.0,16.90,50,0.90,98.79,1.80,81.12,1.47,267.79,348.14,96.01,144.41,21.3,66.13
2026-01-22,6914.44,6934.75,6893.62,6913.35,3309135000,25548.38,25576.52,25399.50,25518.35,1262168000,4.25,3.59,52.9,15.64,52,0.85,98.33,0.16,81.18,1.49,269.79,348.67,88.46,141.31,10.5,66.99
2026-01-23,6907.85,6932.96,6895.50,6915.61,3228233000,25501.91,25709.74,25435.02,25605.47,1349379000,4.24,3.58,53.1,16.09,52,0.76,97.46,-0.17,81.14,1.49,264.81,344.71,88.46,144.02,10.5,65.40
2026-01-26,6923.23,6964.66,6921.60,6950.23,2988481000,25631.01,25797.10,25578.76,25713.21,1133128000,4.21,3.58,55.8,16.15,55,0.88,97.07,1.93,81.18,1.48,263.98,343.07,88.46,148.10,10.5,66.79
2026-01-27,6965.96,6988.82,6958.83,6978.60,3227767000,25852.04,25982.59,25791.75,25939.74,1116680000,4.22,3.57,58.5,16.35,64,0.96,95.82,1.10,81.17,1.48,264.73,351.08,88.46,147.25,10.5,66.00
2026-01-28,7002.00,7002.28,6963.46,6978.03,3337820000,26121.74,26165.08,25974.66,26022.79,1284459000,4.25,3.58,58.7,16.35,63,0.76,96.16,-0.12,81.04,1.48,263.30,360.46,88.46,144.98,10.5,65.60
2026-01-29,6977.74,6992.84,6870.80,6969.01,4116060000,26030.08,26046.34,25418.54,25884.29,1583429000,4.23,3.58,57.4,16.88,62,0.81,96.42,-5.73,81.03,1.48,263.37,361.13,92.58,143.74,13.6,63.02
2026-01-30,6947.27,6964.09,6893.48,6939.03,4261589000,25740.19,25823.29,25456.18,25552.39,1480582000,4.24,3.57,53.2,17.44,58,0.84,97.15,-0.76,81.12,1.45,259.65,346.30,92.58,143.65,13.6,63.02
2026-02-02,6947.27,6991.92,6914.34,6976.44,3598308000,25740.19,25833.12,25478.50,25738.61,1316269000,4.28,3.58,57.2,16.34,61,0.82,97.51,2.56,80.77,1.44,262.18,352.69,92.58,146.56,13.6,63.22
2026-02-03,6985.45,6993.08,6862.05,6917.81,4509153000,25811.05,25840.04,25112.46,25338.62,1760640000,4.27,3.59,49.5,18.00,41,0.93,97.42,-3.67,80.72,1.41,262.78,345.64,92.58,143.85,13.6,63.02
2026-02-04,6924.50,6936.09,6838.80,6882.72,5124778000,25240.38,25275.26,24681.27,24891.24,1909479000,4.28,3.60,45.5,18.64,41,0.84,97.65,-3.91,80.62,1.38,260.52,330.38,92.58,143.16,13.6,67.19
2026-02-05,6837.39,6857.85,6780.13,6798.40,4330553000,24614.86,24854.56,24455.40,24548.69,1800713000,4.21,3.58,37.9,21.77,33,1.00,97.94,-13.02,80.53,1.35,255.83,330.83,84.93,137.16,10.7,64.81
2026-02-06,6816.74,6944.89,6816.74,6932.30,3835601000,24655.25,25131.34,24622.33,25075.77,1712979000,4.21,3.59,51.9,17.76,45,0.92,97.68,11.51,80.81,1.34,265.02,348.51,84.93,140.31,10.7,66.99
2026-02-09,6917.26,6980.10,6905.87,6964.82,3363942000,24953.68,25337.54,24876.28,25268.14,1388767000,4.20,3.59,54.4,17.36,48,0.86,96.96,-0.21,80.92,1.34,266.88,352.77,84.93,145.23,10.7,66.53
2026-02-10,6974.49,6986.83,6937.53,6941.81,3494760000,25314.23,25363.12,25113.43,25127.64,1336648000,4.15,3.59,52.1,17.79,46,0.88,96.79,-1.53,80.84,1.36,266.16,351.43,84.93,145.71,10.7,67.79
2026-02-11,6976.48,6993.48,6911.97,6941.47,3743710000,25335.91,25382.84,24980.29,25201.26,1433432000,4.17,3.60,52.5,17.65,49,0.97,96.90,-1.81,80.83,1.33,264.95,360.20,84.93,143.78,10.7,66.99
2026-02-12,6957.54,6973.22,6824.04,6832.76,4529538000,25261.33,25310.56,24643.73,24687.61,1684217000,4.10,3.60,42.8,20.82,37,1.01,96.91,-1.24,80.79,1.30,259.54,351.50,80.61,142.50,0.4,64.81
2026-02-13,6834.27,6881.96,6794.55,6836.17,3419160000,24662.95,24921.47,24514.96,24732.73,1285151000,4.06,3.59,43.2,20.60,36,0.94,96.88,4.24,80.85,1.30,262.96,354.66,80.61,139.35,0.4,64.81

2026-02-17,6819.86,6866.99,6775.50,6843.22,3297532000,24567.54,24818.30,24387.47,24701.60,1264881000,4.05,3.59,44.1,20.29,37,,97.16,-2.44,80.81,1.32,263.04,354.10,80.61,140.28,0.4,63.61
2026-02-18,6855.48,6909.12,6849.66,6881.31,3039483000,24744.88,25057.21,24696.83,24898.87,1146340000,4.08,3.60,47.9,19.62,40,0.98,97.69,-1.41,80.91,1.33,263.99,357.92,80.61,139.17,0.4,66.00
2026-02-19,6861.34,6879.12,6833.06,6861.89,2928310000,24771.65,24890.12,24690.87,24797.34,1031364000,4.08,3.60,45.7,20.23,39,1.01,97.85,1.20,80.94,1.33,264.60,355.84,82.87,141.19,-2.4,64.01
2026-02-20,6843.26,6915.86,6836.33,6909.51,3339510000,24637.32,25077.56,24633.60,25012.62,1323780000,4.09,3.60,50.9,19.09,43,0.87,97.79,1.28,81.00,1.34,264.61,359.43,82.87,145.52,-2.4,65.60
2026-02-23,6901.25,6916.96,6819.82,6837.75,3261707000,24935.51,24984.82,24618.23,24708.94,1251431000,4.03,3.59,43.8,21.01,38,0.90,97.73,-4.17,80.87,1.29,260.49,356.82,82.87,145.52,-2.4,63.41
2026-02-24,6837.37,6899.17,6815.43,6890.07,3167064000,24763.84,25022.92,24643.69,24977.04,1287650000,4.03,3.59,49.2,19.55,43,0.93,97.83,-0.27,80.81,1.30,263.33,362.04,82.87,141.94,-2.4,63.61
2026-02-25,6915.15,6952.51,6915.15,6946.13,3302178000,25137.72,25343.97,25137.62,25329.04,1341586000,4.05,3.59,54.2,17.93,46,0.87,97.60,6.66,80.92,1.32,264.58,368.00,82.87,146.05,-2.4,63.02
2026-02-26,6944.74,6947.25,6859.73,6908.86,3452201000,25278.25,25288.23,24820.55,25034.37,1465096000,4.02,3.59,50.7,18.63,44,0.85,97.77,-1.10,80.85,1.32,265.99,356.80,74.93,146.57,-6.6,65.40
2026-02-27,6856.54,6882.96,6831.74,6878.88,4585000000,24808.00,24987.96,24747.25,24960.04,1762781000,3.96,3.58,48.0,19.86,43,0.85,97.65,-2.24,80.72,1.30,261.41,352.29,74.93,146.67,-6.6,65.60
2026-03-02,6824.36,6901.01,6796.85,6881.62,3458583000,24599.41,25059.17,24575.54,24992.60,1253811000,4.05,3.59,48.2,21.44,42,0.84,98.55,5.00,80.28,1.30,263.81,352.05,74.93,151.78,-6.6,64.61
2026-03-03,6800.26,6840.05,6710.42,6816.63,3509315000,24497.38,24810.25,24315.84,24720.08,1283478000,4.06,3.60,42.4,23.57,32,0.94,99.18,-0.97,80.12,1.30,259.24,334.78,74.93,152.83,-6.6,61.03
2026-03-04,6831.69,6885.94,6811.64,6869.50,3193784000,24850.94,25179.36,24795.53,25093.68,1290541000,4.08,3.60,47.9,21.15,37,0.96,98.69,6.53,80.40,1.34,261.76,341.54,74.93,152.87,-6.6,60.83
2026-03-05,6851.08,6870.43,6770.78,6830.71,3703063000,24992.73,25174.31,24744.56,25020.41,1386254000,4.15,3.59,44.3,23.75,34,0.94,99.01,-2.46,80.08,1.36,256.76,337.76,79.29,153.95,-2.4,58.25
2026-03-06,6769.03,6773.42,6711.56,6740.02,3407767000,24663.74,24886.70,24579.86,24643.02,1324711000,4.13,3.57,37.7,29.49,27,0.90,98.86,-3.56,79.69,1.33,250.89,323.51,79.29,151.80,-2.4,55.26
2026-03-09,6699.80,6810.44,6636.04,6795.99,3701318000,24429.67,25019.16,24289.22,24967.25,1314242000,4.14,3.59,43.1,25.50,27,0.96,98.79,4.77,80.17,1.33,253.62,336.37,79.29,157.98,-2.4,55.26
2026-03-10,6796.56,6845.08,6759.74,6781.48,3146682000,25002.61,25189.17,24871.44,24956.47,1129940000,4.14,3.60,42.0,24.93,28,1.00,98.87,2.47,80.04,1.34,253.36,338.81,79.29,154.46,-2.4,53.47
2026-03-11,6790.09,6811.15,6745.59,6775.80,2979127000,25053.24,25152.12,24856.60,24965.01,1003053000,4.21,3.60,41.6,24.23,27,0.94,99.39,0.41,79.86,1.35,252.85,342.09,79.29,152.44,-2.4,51.68
2026-03-12,6740.88,6740.88,6670.40,6672.62,3496195000,24771.32,24809.27,24522.24,24533.58,1150953000,4.27,3.61,34.6,27.29,21,1.05,99.66,2.02,79.35,1.32,247.41,330.19,66.99,139.94,-14.5,48.90
2026-03-13,6673.49,6733.30,6623.92,6632.19,2964237000,24660.19,24786.65,24336.53,24380.73,1083291000,4.29,3.60,32.3,27.19,20,0.91,100.50,0.28,79.20,1.31,246.59,331.32,66.99,137.76,-14.5,47.91
2026-03-16,6674.37,6729.79,6674.37,6699.38,3025489000,24646.18,24794.29,24606.46,24655.34,1176104000,4.22,3.61,40.1,23.51,23,0.90,99.93,3.25,79.45,1.32,248.92,337.83,66.99,141.49,-14.5,49.30
2026-03-17,6722.35,6754.30,6710.80,6716.09,2900989000,24760.27,24884.68,24721.56,24780.42,1072322000,4.20,3.61,41.8,22.37,21,1.05,99.61,-1.22,79.81,1.34,250.05,340.25,66.99,145.04,-14.5,50.09
2026-03-18,6697.16,6705.18,6621.66,6624.70,3009753000,24727.07,24763.58,24417.38,24425.09,1114135000,4.26,3.61,35.8,25.09,18,1.00,100.13,-3.89,79.40,1.34,246.02,338.29,66.99,136.54,-14.5,47.11
2026-03-19,6583.12,6636.74,6557.82,6606.49,3244958000,24119.37,24462.15,24100.88,24355.28,1174717000,4.28,3.61,34.7,24.06,17,1.12,99.31,-1.23,79.66,1.34,247.63,340.20,60.24,138.26,-21.6,46.91
2026-03-20,6594.66,6594.66,6473.52,6506.48,7040255000,24257.56,24267.33,23759.97,23898.15,2335365000,4.39,3.62,29.1,26.78,15,0.84,99.50,1.12,78.92,1.33,242.22,332.51,60.24,139.12,-21.6,43.93
2026-03-23,6574.96,6651.62,6565.55,6581.00,3486098000,24270.77,24465.16,24097.68,24188.59,1252413000,4.33,3.61,36.4,26.15,16,1.01,99.30,4.13,79.44,1.36,247.45,336.59,60.24,142.02,-21.6,47.11
2026-03-24,6552.09,6595.75,6525.11,6556.37,3088358000,24042.23,24170.83,23927.69,24002.45,1124432000,4.39,3.62,35.1,26.95,17,0.99,99.11,-0.18,79.17,1.35,248.78,341.02,60.24,142.63,-21.6,47.71
2026-03-25,6598.35,6633.94,6568.41,6591.90,2919894000,24236.40,24314.25,24081.38,24162.98,1146970000,4.33,3.62,38.6,25.33,19,0.89,99.62,0.97,79.42,1.36,251.82,345.25,60.24,0,-21.6,48.11
2026-03-26,6555.86,6573.22,6473.79,6477.16,3002944000,23913.19,24029.51,23574.72,23586.99,1283043000,4.42,3.62,32.3,27.44,18,0.99,99.91,-3.48,78.92,1.34,247.44,328.85,68.52,0,-17.7,46.71
2026-03-27,6453.89,6453.89,6356.08,6368.85,3141142000,23463.75,23472.89,23088.99,23132.77,1234475000,4.44,3.61,27.8,31.05,10,0.99,100.19,-3.59,78.72,1.29,243.10,323.48,68.52,139.00,-17.7,42.94
2026-03-30,6403.37,6427.31,6316.91,6343.72,3264973000,23307.75,23356.75,22841.42,22953.38,1300859000,4.34,3.60,26.7,30.61,9,0.96,100.45,1.84,78.81,1.29,239.61,309.79,68.52,142.23,-17.7,42.54
2026-03-31,6395.88,6539.05,6395.88,6528.52,3868268000,23208.00,23789.60,23198.64,23740.19,1496511000,4.31,3.60,42.2,25.25,15,1.07,99.82,2.11,79.56,1.33,248.00,328.66,68.52,145.45,-17.7,47.31
2026-04-01,6556.56,6609.67,6554.29,6575.32,3352118000,23883.29,24162.68,23871.61,24019.99,1262955000,4.32,3.61,45.4,24.54,16,0.96,99.52,-0.04,79.37,1.35,249.56,338.54,68.52,143.77,-17.7,47.71
2026-04-02,6512.61,6601.91,6474.94,6582.69,2716142000,23621.73,24076.35,23512.59,24045.53,1048162000,4.31,3.61,46.1,23.87,15,1.03,100.01,-1.94,79.56,1.32,251.29,339.61,68.36,146.95,-17.8,48.31
2026-04-06,6587.66,6618.13,6579.72,6611.83,2316755000,24143.02,24265.14,24039.03,24192.17,895728542,4.33,3.62,47.8,24.17,23,,100.04,-0.57,79.70,1.32,252.36,344.10,68.36,147.60,-17.8,48.31
2026-04-07,6601.93,6618.26,6534.55,6616.85,2731118000,24109.57,24209.28,23779.85,24202.37,1038721000,4.34,3.62,48.2,25.78,22,0.96,98.98,4.14,79.72,1.33,252.91,347.76,68.36,148.45,-17.8,48.11
2026-04-08,6754.36,6793.50,6740.28,6782.81,3502192000,25045.36,25045.36,24756.93,24903.17,1360629000,4.29,3.60,58.6,21.04,31,0.96,99.10,-1.55,80.19,1.34,260.47,370.40,68.36,150.36,-17.8,54.98
2026-04-09,6783.69,6835.31,6761.55,6824.66,2977422000,24918.28,25097.45,24788.92,25082.09,1226344000,4.29,3.59,60.9,19.49,36,0.89,98.92,1.27,80.28,1.35,261.96,378.63,69.38,143.27,-7.3,55.37
2026-04-10,6839.24,6845.77,6808.46,6816.89,2781393000,25165.06,25226.06,25057.65,25116.34,1186150000,4.32,3.59,60.3,19.23,38,0.89,98.70,1.52,79.96,1.37,261.30,386.60,69.38,144.18,-7.3,53.18
2026-04-13,6806.47,6887.00,6790.02,6886.24,2885789000,25069.07,25387.69,24999.20,25383.72,1103216000,4.30,3.60,64.3,19.12,41,0.87,98.35,4.97,80.26,1.40,265.07,393.34,69.38,156.93,-7.3,55.37
2026-04-14,6910.20,6969.42,6905.17,6967.38,3024825000,25514.55,25842.00,25514.55,25842.00,1218256000,4.26,3.61,67.9,18.36,47,0.87,98.11,0.33,80.50,1.43,268.72,401.24,69.38,149.94,-7.3,56.66
2026-04-15,6978.17,7026.24,6967.13,7022.95,3062289000,25859.19,26214.57,25828.76,26204.58,1222244000,4.28,3.61,70.2,18.17,56,0.68,97.99,0.67,80.46,1.46,269.39,401.86,69.38,139.23,-7.3,54.87
2026-04-16,7037.78,7051.23,7008.52,7041.28,2986124000,26256.88,26400.52,26113.65,26333.00,1164293000,4.31,3.61,70.9,17.94,62,0.67,98.26,0.00,80.35,1.44,269.95,405.95,79.49,140.74,-11.1,53.28
2026-04-17,7074.55,7147.52,7074.55,7126.06,3621555000,26551.16,26719.56,26481.24,26672.43,1461005000,4.25,3.60,74.0,17.48,68,0.67,98.23,2.89,80.65,1.46,275.78,415.71,79.49,141.82,-11.1,60.03
2026-04-20,7117.05,7122.65,7084.41,7109.14,2630327000,26662.32,26670.12,26412.52,26590.34,1066237000,4.25,3.60,72.7,18.87,70,0.66,98.09,3.02,80.58,1.45,277.35,417.55,79.49,141.90,-11.1,59.04
2026-04-21,7122.64,7137.27,7050.20,7064.01,2981757000,26658.85,26730.64,26405.30,26479.47,1116024000,4.29,3.60,68.2,19.50,68,0.91,98.38,0.40,80.37,1.45,274.51,420.70,79.49,140.91,-11.1,56.26
2026-04-22,7102.91,7138.64,7102.91,7137.90,2804123000,26715.92,26942.13,26662.88,26937.28,1088832000,4.29,3.60,71.3,18.92,68,0.86,98.58,2.29,80.50,1.45,276.48,431.77,79.49,140.84,-11.1,56.66
2026-04-23,7118.80,7147.78,7046.55,7108.40,3238398000,26844.61,27007.87,26540.32,26782.62,1291750000,4.32,3.60,68.3,19.31,66,0.91,98.81,-0.17,80.37,1.41,275.52,441.00,94.15,139.59,11.6,55.66
2026-04-24,7136.48,7168.59,7112.82,7165.08,3179035000,27082.42,27314.21,26986.39,27303.67,1535329000,0,3.59,70.7,18.71,66,0.91,98.51,-0.90,80.48,1.43,276.65,461.60,94.15,0,11.6,54.67
2026-04-27,7152.72,7178.74,7146.72,7173.91,3008576000,27278.28,27315.23,27158.88,27305.68,1285672000,0,3.59,71.4,18.02,67,0.86,98.52,-1.97,80.51,1.43,277.14,455.41,94.15,0,11.6,55.06
2026-04-28,7133.74,7152.52,7115.17,7138.80,3031611000,26988.77,27115.77,26877.59,27029.01,1223498000,0,3.59,67.6,17.83,64,0.83,98.62,-0.97,80.40,1.41,273.91,438.71,94.15,0,11.6,55.26
2026-04-29,7131.61,7145.63,7107.86,7135.95,3261127000,27069.36,27199.72,26995.38,27186.98,1324292000,0,3.59,67.3,18.81,64,0.93,98.91,0.02,80.13,1.41,272.08,449.99,0,0,11.6,53.67
2026-04-30,7161.75,7219.83,7126.15,7209.01,3941277000,27328.99,27488.03,27029.41,27452.12,1642882000,0,3.58,71.0,16.89,67,0.78,98.14,1.18,80.38,1.40,277.97,461.44,94.15,0,-1.6,57.25
2026-05-01,7234.54,7272.52,7229.32,7230.12,2918281000,27508.57,27787.12,27501.43,27710.36,1203489000,0,3.58,72.0,16.99,67,0.78,98.21,2.67,80.06,1.41,279.28,465.75,93.79,0,-1.6,56.85
2026-05-04,7228.38,7244.54,7174.12,7200.75,2940319000,27731.34,27822.37,27504.09,27651.82,1123065000,0,3.59,68.9,18.29,63,0.87,98.52,2.21,79.80,1.41,277.88,462.06,93.79,0,-1.6,53.47
2026-05-05,7233.62,7273.26,7233.62,7259.22,3197863000,27895.05,28065.63,27844.23,28015.06,1365261000,0,3.60,72.4,17.38,67,0.84,98.25,1.78,79.92,1.40,282.56,482.73,93.79,0,-1.6,54.47
2026-05-06,7294.14,7369.22,7294.14,7365.12,3841722000,28234.02,28608.68,28208.23,28599.17,1494999000,0,3.60,76.6,17.39,68,0.67,97.92,0.38,80.16,1.42,286.80,506.87,93.79,0,-1.6,55.86
2026-05-07,7376.78,7385.02,7321.25,7337.11,3549269000,28612.54,28825.52,28440.05,28563.95,1368410000,0,3.60,73.3,17.08,68,0.80,98.23,-2.19,79.86,1.43,282.26,492.36,96.67,0,5.3,55.26
2026-05-08,7362.97,7401.50,7362.97,7398.93,3311720000,28768.12,29234.99,28751.21,29234.99,1400380000,0,3.60,75.8,17.19,67,0.74,97.84,0.46,80.14,1.43,284.17,520.30,96.67,0,5.3,52.98
2026-05-11,7385.31,7428.97,7384.20,7412.84,3378815000,29185.83,29372.43,29143.20,29320.66,1420168000,0,3.60,77.0,18.38,67,0.74,98.14,-1.04,79.98,1.43,285.33,532.76,96.67,0,5.3,53.98
2026-05-12,7390.63,7409.57,7338.54,7400.96,3217693000,29067.36,29188.07,28628.64,29064.80,1354084000,0,3.60,75.7,17.99,67,0.84,98.29,-0.85,79.87,1.40,282.57,515.99,96.67,0,5.3,53.87
2026-05-13,7409.12,7460.04,7375.13,7444.25,3261277000,29159.95,29452.26,28968.55,29366.94,1293719000,0,3.60,77.4,17.87,66,0.73,98.46,-1.12,79.91,1.40,282.67,528.29,96.67,0,5.3,52.68
2026-05-14,7454.40,7517.12,7454.40,7501.24,3015467000,29372.65,29678.89,29350.10,29580.30,1200605000,0,3.59,79.5,17.26,66,0.67,99.06,2.34,79.85,1.40,284.45,530.03,77.34,0,2.7,53.87
2026-05-15,7445.11,7454.85,7397.50,7408.50,3336613000,29191.36,29387.44,28991.42,29125.20,1350174000,0,3.59,68.3,18.43,63,0.67,99.27,-2.50,79.46,1.38,277.60,508.52,77.34,0,2.7,50.89
2026-05-18,7415.07,7434.06,7353.17,7403.05,3110807000,29246.20,29250.14,28717.57,28994.37,1229646000,0,3.57,68.2,17.82,63,0.82,99.05,-1.20,79.54,1.35,275.97,495.87,77.34,0,2.7,52.48
2026-05-19,7375.75,7395.32,7333.68,7353.61,3169689000,28795.02,29031.92,28567.16,28818.84,1249571000,0,3.58,63.2,18.06,60,0.84,99.38,-0.31,79.35,1.34,273.00,496.74,77.34,0,2.7,50.69
2026-05-20,7369.19,7435.69,7357.46,7432.97,3198655000,29006.57,29301.28,28919.44,29297.70,1269660000,0,3.56,67.5,17.44,61,0.75,99.12,1.39,79.86,1.38,279.87,520.31,77.34,0,2.7,53.67
2026-05-21,7410.78,7465.96,7389.48,7445.72,2962758000,29150.13,29463.49,29040.04,29357.27,1223802000,0,3.58,68.2,16.76,58,0.83,99.25,0.21,79.90,1.40,282.49,524.71,82.02,0,-11.9,55.17
2026-05-22,7468.82,7506.32,7463.29,7473.47,2693030000,29476.29,29663.89,29423.63,29481.64,1102663000,0,3.58,69.7,16.70,59,0.85,99.32,-2.78,79.91,1.41,285.12,537.33,82.02,0,-11.9,56.37
2026-05-26,7511.79,7539.09,7501.10,7519.12,3046247000,29854.58,30044.49,29753.09,30001.32,1293981000,0,3.58,73.4,17.01,61,0.82,99.14,-2.06,80.18,1.43,290.51,570.09,82.02,0,-11.9,57.25
2026-05-27,7526.01,7530.72,7499.72,7520.36,3115850000,30081.28,30099.79,29808.89,29973.57,1276672000,0,3.58,73.7,16.29,61,0.82,99.32,-2.11,80.13,1.44,290.37,563.98,82.02,0,-11.9,57.85
2026-05-28,7519.82,7568.72,7508.04,7563.63,3225656000,30030.62,30263.19,29848.76,30223.89,1244069000,0,3.59,75.8,15.74,60,0.74,99.03,-1.15,80.23,1.45,292.03,569.47,98.39,0,-6.3,57.25
2026-05-29,7579.33,7599.38,7563.55,7580.06,5528975000,30333.86,30470.03,30210.01,30333.18,1980788000,0,3.59,76.5,15.32,60,0.64,98.94,0.03,80.31,1.46,290.43,569.08,98.39,0,-6.3,55.26
2026-06-01,7582.29,7617.66,7562.61,7599.96,3660418000,30295.25,30633.55,30241.20,30513.86,1443066000,0,3.62,76.9,16.05,59,0.77,99.20,-3.98,79.84,1.44,288.98,571.93,0,0,-6.3,53.47
2026-06-02,7595.40,7620.90,7582.99,7609.78,3409552000,30471.61,30670.11,30372.96,30660.60,1419602000,0,3.62,77.4,15.77,57,0.73,99.22,-6.61,79.90,1.44,291.66,605.02,98.39,0,-6.3,53.47
2026-06-03,7605.31,7605.35,7551.22,7553.68,3413910000,30730.11,30762.20,30441.80,30571.24,1474225000,0,3.62,68.5,16.06,54,0.83,99.46,-5.14,79.68,1.42,287.67,615.68,98.39,0,-6.3,53.47
2026-06-04,7516.54,7598.19,7516.54,7584.31,3221698000,30174.59,30541.43,30092.23,30407.81,1365938000,0,3.62,70.5,15.40,55,0.77,99.42,-1.22,79.83,1.43,292.01,602.72,86.82,0,-0.7,56.26
2026-06-05,7537.36,7541.81,7368.63,7383.74,3567472000,29992.37,30051.08,28929.88,28957.60,1727122000,0,3.62,48.8,21.51,42,0.77,100.07,-4.29,79.43,1.38,281.65,539.77,86.82,0,-0.7,58.05
2026-06-08,7440.57,7466.81,7395.13,7405.73,2950131000,29482.19,29697.90,29294.02,29414.26,1322014000,0,3.63,49.8,18.92,40,0.97,99.97,-0.76,79.54,1.39,284.11,571.45,86.82,0,-0.7,55.46
2026-06-09,7438.66,7483.15,7237.85,7386.65,3499231000,29647.35,29805.30,28196.90,29084.50,1511472000,0,3.63,48.3,19.87,33,0.96,100.00,-2.28,79.62,1.38,285.02,562.14,86.82,0,-0.7,58.44
2026-06-10,7350.54,7396.56,7265.93,7266.99,3253456000,28893.82,29212.38,28462.92,28508.03,1266863000,0,3.63,39.3,22.22,27,0.97,99.93,0.55,79.47,1.33,282.05,541.51,86.82,0,-0.7,56.46
2026-06-11,7287.67,7412.68,7257.33,7394.30,3527515000,28731.16,29506.67,28548.50,29446.18,1428801000,0,3.62,49.7,19.44,30,0.86,99.82,3.47,79.94,1.36,290.41,586.93,79.27,0,-17.3,59.24
2026-06-12,7410.85,7456.40,7363.01,7431.46,2962242000,29380.68,29733.89,29220.83,29635.95,1210986000,0,3.62,52.2,17.68,34,0.86,99.81,0.31,79.94,1.36,292.95,596.25,79.27,0,-17.3,61.03
2026-06-15,7516.75,7577.92,7516.75,7554.29,3393215000,30289.97,30587.16,30285.63,30543.92,1336328000,0,3.62,59.2,16.20,41,0.89,99.70,0.18,80.04,1.39,294.64,628.45,79.27,0,-17.3,60.83
2026-06-16,7548.78,7564.96,7508.68,7511.35,3044165000,30455.49,30560.08,29962.87,29968.13,1264820000,0,3.63,55.7,16.41,39,0.89,99.50,-0.61,80.03,1.38,292.08,591.24,0,0,-17.3,61.63
2026-06-17,7524.50,7532.17,7402.61,7420.10,3339473000,30160.74,30208.94,29604.93,29670.95,1289122000,0,3.65,49.5,18.44,33,0.86,100.30,-1.47,79.73,1.38,289.88,599.73,0,0,-17.3,57.85
2026-06-18,7487.36,7511.07,7468.32,7500.58,6324161000,30261.60,30463.77,30089.35,30406.19,2624024000,0,3.66,54.4,16.40,38,0.86,100.83,-4.23,80.01,1.41,295.59,639.45,92.83,0,-2.8,58.25
2026-06-22,7500.44,7530.01,7460.01,7472.79,3673570000,30529.99,30642.57,30194.25,30347.08,1504949000,0,3.68,52.5,17.28,35,,101.03,1.28,79.94,1.40,298.18,655.01,92.83,0,-2.8,57.25
2026-06-23,7366.51,7424.17,7347.60,7365.46,3658965000,29369.25,29748.72,29276.98,29347.27,1497789000,0,3.69,45.7,19.49,28,0.92,101.42,-1.75,79.87,1.36,295.32,603.39,0,0,-2.8,60.63
2026-06-24,7370.88,7428.06,7336.82,7358.22,3600977000,29328.40,29592.90,28963.10,29220.06,1461500000,0,3.69,45.2,18.63,26,1.02,101.56,-2.95,79.85,1.36,296.69,601.50,92.83,0,-2.8,62.35
2026-06-25,7404.91,7419.08,7323.50,7357.49,3563880000,29843.89,29843.89,29000.55,29440.32,1573565000,0,3.68,45.2,18.89,25,0.99,101.53,-2.83,79.88,1.35,298.91,625.20,98.59,0,8.8,61.75
2026-06-26,7312.74,7392.95,7294.18,7354.02,5860380000,29040.12,29413.80,28890.74,29118.24,2714762000,0,3.66,45.0,18.41,25,1.12,101.37,0.20,79.83,1.35,299.83,589.94,98.59,0,8.8,63.54
2026-06-29,7391.88,7444.32,7348.88,7440.43,3721876000,29310.26,29792.63,28991.52,29774.75,1601789000,0,3.68,51.4,17.65,27,1.12,101.27,0.44,80.01,1.39,298.97,614.35,98.59,0,8.8,61.75
2026-06-30,7441.27,7508.29,7438.04,7499.36,3763756000,29792.93,30328.79,29767.76,30276.35,1519233000,0,3.73,55.3,16.45,31,0.88,101.32,-2.48,79.97,1.41,300.45,640.76,98.59,0,8.8,60.55
2026-07-01,7478.84,7521.81,7449.63,7483.23,3687282000,29914.28,30084.78,29787.41,29809.13,1545389000,0,3.70,54.1,16.59,32,0.88,101.36,2.58,79.59,1.42,299.32,599.70,98.59,0,8.8,61.50
2026-07-02,7495.14,7540.75,7427.55,7483.24,3414978000,29778.70,30044.50,29087.33,29329.21,1565313000,0,3.67,54.1,16.15,31,0.90,100.82,2.56,79.71,1.38,297.58,566.32,84.69,0,-10.9,65.87
2026-07-06,7506.96,7551.31,7500.97,7537.43,3007566000,29575.57,29847.74,29553.62,29697.87,1269613000,0,3.69,57.6,15.57,44,0.90,100.88,0.59,79.87,1.40,298.90,581.51,84.69,0,-10.9,65.00
2026-07-07,7516.63,7536.06,7478.63,7503.85,2991356000,29362.20,29426.45,28974.47,29173.02,1377782000,0,3.72,54.2,16.13,45,0.90,101.14,-0.72,79.76,1.38,296.19,551.69,84.69,0,-10.9,66.60
2026-07-08,7476.54,7488.51,7421.82,7482.71,2874621000,29030.33,29280.58,28814.57,29252.56,1220128000,0,3.72,52.2,16.90,45,1.03,101.00,-2.13,79.66,1.37,293.48,562.03,84.69,0,-10.9,64.41
2026-07-09,7491.60,7546.89,7481.73,7543.64,2781342000,29486.61,29773.74,29398.47,29727.10,1249970000,0,3.68,57.0,15.84,45,0.86,100.76,1.72,79.75,1.40,297.24,581.70,82.95,0,-0.9,64.21
2026-07-10,7547.64,7579.93,7508.16,7575.39,2353229000,29618.34,29856.94,29484.49,29825.11,1031539000,0,3.70,59.2,15.03,49,0.86,100.96,1.58,79.71,1.39,295.99,581.34,82.95,0,-0.9,65.80
2026-07-13,7547.53,7565.37,7506.41,7515.34,2713007000,29471.02,29541.00,29189.21,29264.10,1203833000,0,3.73,53.1,17.16,44,0.81,101.25,-2.06,79.52,1.37,293.48,553.61,82.95,0,-0.9,66.99
2026-07-14,7536.70,7557.44,7513.23,7543.59,2804670000,29561.35,29693.77,29368.87,29586.29,1143496000,0,3.70,55.8,16.50,43,0.96,100.83,3.95,79.68,1.39,294.51,567.92,82.95,0,-0.9,65.00
2026-07-15,7571.72,7581.50,7526.95,7572.40,3094327000,29759.80,29771.89,29192.89,29502.60,1363862000,0,3.69,58.1,15.67,46,0.93,100.47,-0.82,79.81,1.40,295.77,555.27,82.95,0,-0.9,64.61
2026-07-16,7558.80,7570.74,7504.02,7533.77,3209252000,29318.30,29333.06,28881.23,29025.77,1417526000,0,3.70,54.2,16.73,42,0.93,100.71,-1.34,79.80,1.37,295.59,530.50,95.64,0,12.0,69.38
2026-07-17,7447.52,7498.47,7431.26,7457.69,3397503000,28457.33,28867.40,28231.32,28592.66,1630670000,0,3.71,47.4,18.77,37,0.87,100.75,0.14,79.65,1.36,294.04,521.81,95.64,0,12.0,66.40
2026-07-20,7489.18,7513.23,7440.53,7443.28,2726531000,28871.16,29017.23,28590.39,28604.23,1155824000,0,3.70,46.0,18.65,38,1.00,100.97,1.13,79.68,1.35,292.31,524.14,95.64,0,12.0,64.01
2026-07-21,7489.95,7515.31,7467.86,7509.20,2834863000,29059.44,29192.29,28891.07,29155.18,1242831000,0,3.73,51.8,17.05,41,0.92,101.14,1.74,79.65,1.37,296.54,552.69,95.64,0,12.0,63.41
2026-07-22,7497.47,7525.94,7485.85,7498.96,2989299000,28949.81,29176.91,28934.52,28998.10,1186909000,0,3.75,50.6,16.64,43,0.92,101.07,-0.91,79.52,1.35,293.79,555.52,95.64,0,12.0,64.41
2026-07-23,7418.29,7450.12,7376.00,7408.30,3325092000,28545.98,28726.62,28274.52,28454.81,1428820000,0,3.80,43.2,18.70,40,1.01,101.39,-1.59,79.23,1.31,292.09,551.24,84.02,0,-12.7,64.41
2026-07-24,7406.30,7460.98,7396.53,7411.98,3022195000,28362.15,28471.48,28053.08,28128.34,1310103000,0,3.80,43.5,18.58,39,0.88,101.46,-1.65,79.23,1.30,291.17,527.01,84.02,0,-12.7,65.80
2026-07-27,7464.20,7480.57,7382.74,7413.18,3099757000,28412.31,28460.20,27786.54,28039.21,1388689000,4.64,3.80,43.4,18.67,40,,101.50,-3.30,79.27,1.30,292.91,516.23,,146.60,,
2026-07-28,7395.55,7452.09,7382.95,7428.78,3656681000,27810.39,27926.53,27452.95,27763.13,1574922000,4.60,3.76,45.1,18.21,38,,101.35,0.05,79.42,1.29,293.37,491.46,,142.98,,
2026-07-29,7418.16,7450.84,7313.92,7316.15,3652905000,27780.46,27954.91,27176.03,27192.31,1596072000,4.62,3.66,36.3,20.66,32,,100.92,0.49,79.24,1.28,288.57,465.00,,139.55,,
2026-07-30,7390.45,7448.75,7370.98,7437.63,3580758000,27755.46,28168.42,27686.37,28106.35,1736946000,4.66,3.67,47.9,17.09,39,,100.16,0.65,79.47,1.31,292.59,504.53,,139.90,,
2026-07-31,7462.13,7512.04,7399.83,7489.72,3472292000,28446.99,28606.78,27954.24,28274.20,1601676000,4.74,3.68,52.0,15.99,42,,99.80,-2.67,79.48,1.36,291.20,504.89,,141.23,,
2026-08-03,7504.78,7610.04,7504.78,7600.50,3188486000,28278.59,28842.36,28196.88,28776.80,1471388000,4.69,3.70,59.4,15.86,46,,99.98,0.37,79.31,1.39,296.22,507.68,,139.96,,
2026-08-04,7630.62,7758.21,7629.10,7736.52,3703215000,29109.26,29831.40,29109.26,29733.16,1791624000,4.63,3.73,67.0,16.50,58,,99.89,1.45,79.55,1.39,301.71,542.21,,126.41,,
2026-08-05,7771.62,7793.68,7720.17,7723.55,3159366000,29863.27,29946.94,29468.33,29487.79,1480531000,4.62,3.72,65.8,15.81,60,,99.65,0.65,79.52,1.39,299.77,530.70,,133.32,,
2026-08-06,7713.79,7742.85,7698.15,7709.96,3047791000,29224.38,29569.76,29123.38,29373.33,1403842000,4.67,3.73,64.6,15.15,60,,99.96,-0.51,79.46,1.39,298.25,532.52,,134.73,,
2026-08-07,7735.18,7763.08,7719.19,7757.64,2719843000,29596.45,29747.15,29452.71,29722.30,1334945000,4.66,3.71,67.0,14.90,64,,99.60,0.99,79.61,1.41,301.56,543.27,,132.57,,
2026-08-10,7751.74,7773.76,7743.11,7753.11,2686909000,29709.49,29784.21,29606.47,29621.80,1254135000,4.70,3.72,66.8,15.46,64,,99.76,-1.31,79.48,1.41,299.98,529.39,,137.13,,
2026-08-11,7767.51,7767.51,7717.25,7728.20,2502546000,29694.70,29705.80,29427.61,29525.48,1209912000,4.68,3.73,64.1,15.28,61,,99.84,-0.31,79.51,1.41,300.99,534.20,,135.59,,
2026-08-12,7765.46,7766.01,7737.95,7748.50,2674503000,29875.18,29881.50,29715.88,29742.60,1401162000,4.68,3.71,64.9,14.55,62,,99.92,-0.27,79.61,1.39,302.71,546.61,,136.54,,
2026-08-13,7763.18,7816.70,7763.18,7798.99,2684931000,29784.06,30168.05,29757.62,30084.50,1277000000,4.64,3.70,67.9,14.63,66,,99.91,0.13,79.79,1.38,303.50,550.74,,134.37,,
2026-08-14,7806.60,7810.01,7776.31,7785.76,2210210000,30167.12,30179.82,29934.66,30046.14,1056759000,4.70,3.70,66.3,14.25,65,,99.64,-0.73,79.71,1.37,305.09,550.42,,138.36,,
2026-08-17,7790.68,7790.68,7744.88,7745.06,2506498000,30150.78,30195.72,29971.92,29995.38,1147389000,4.72,3.70,62.0,15.19,60,,99.56,2.34,79.61,1.38,304.06,559.12,,142.91,,
2026-08-18,7700.04,7713.95,7688.63,7691.76,2650043000,29594.89,29677.29,29425.08,29490.96,1267735000,4.71,3.70,56.4,15.84,54,,99.63,0.08,79.53,1.36,300.23,531.39,,143.60,,
2026-08-19,7716.74,7743.93,7700.07,7707.98,2981221000,29580.85,29652.29,29288.75,29426.02,1270711000,4.65,3.70,57.7,14.89,56,,98.80,7.81,79.71,1.37,301.72,519.67,,142.93,,
2026-08-20,7690.49,7699.96,7639.01,7641.16,2706581000,29295.15,29378.80,29118.07,29213.16,1172482000,4.70,3.70,51.2,16.01,52,,98.87,5.04,79.56,1.37,297.67,522.35,,143.23,,
2026-08-21,7665.68,7697.11,7660.06,7674.37,2737363000,29359.60,29405.12,29142.44,29308.86,1144183000,4.74,3.71,53.9,15.13,55,,98.84,7.23,79.61,1.37,299.96,520.05,,143.90,,
2026-08-24,7663.38,7670.30,7638.17,7652.86,2488280000,29094.72,29151.97,28875.96,29023.18,1125723000,4.70,3.70,52.2,15.85,55,,98.99,1.48,79.70,1.35,297.97,506.18,,145.64,,
2026-08-25,7676.66,7686.11,7650.92,7677.28,2376000000,29231.18,29338.77,29077.72,29209.23,988555564,4.64,3.70,54.5,15.45,59,,98.89,-0.48,79.92,1.36,299.23,514.06,,143.27,,
2026-08-26,7666.88,7690.73,7657.41,7675.70,2379282000,29130.77,29296.77,29096.84,29224.52,1012408000,4.66,3.69,53.9,15.21,55,,99.12,0.39,79.90,1.36,298.93,515.40,,142.96,,
2026-08-27,7710.34,7741.27,7689.89,7730.99,2856239000,29480.99,29643.53,29366.42,29641.56,1336514000,4.67,3.68,58.9,14.51,58,,99.12,2.21,79.87,1.36,299.81,525.43,,144.05,,
2026-08-28,7735.17,7771.48,7700.91,7711.76,2589484000,29545.90,29752.78,29383.92,29433.43,1192466000,4.72,3.73,56.6,14.43,54,,99.16,-3.22,79.74,1.37,295.75,508.62,,149.77,,
2026-08-31,7697.52,7697.52,7665.06,7686.14,3435918000,29404.29,29483.90,29304.49,29456.97,1214973000,4.76,3.73,53.4,14.92,50,,99.41,0.96,79.81,1.37,293.93,511.04,,148.53,,
